<?xml version="1.0" encoding="UTF-8" standalone="yes"?>
<addon id="plugin.video.htpc-solutions.sling" name="Sling Client" version="0.2.0" provider-name="HTPC Solutions">
	<requires>
		<import addon="xbmc.python" version="2.1.0"/>
		<import addon="script.module.htpc-solutions" version="0.0.1"/>
	</requires>
	<extension point="xbmc.python.pluginsource" library="plugin.py">
		<provides>video</provides>
	</extension>
	<extension point="xbmc.service" library="service.py" start="login" />
	<extension point="xbmc.addon.metadata" name="htpc-solutions.sling.metadata">
		<language></language>
		<summary lang="en">Sling Client</summary>
		<description lang="en"></description>
		<platform>all</platform>
		<website>http://htpc.solutions/</website>
		<source>https://github.com/htpcsolutions/plugin.video.htpc-solutions.sling</source>
		<forum></forum>
		<email>support@htpc.solutions</email>    
	</extension>
</addon>

