<?xml version="1.0" encoding="UTF-8" standalone="yes"?>
<addon id="script.module.boto3" name="Boto3" version="1.1.1" provider-name="Boto">
  <requires>
    <import addon="xbmc.python" version="2.1.0"/>
    <import addon="script.module.dateutil" version="2.4.2"/>
    <import addon="script.module.six" version="1.9.0"/>
  </requires>
  <extension point="xbmc.python.module" library="lib" />
  <extension point="xbmc.addon.metadata">
    <language></language>
    <summary lang="en">Boto3 - AWS SDK for Python</summary>
    <description lang="en">Packed for Kodi from https://github.com/boto/boto3</description>
    <platform>all</platform>
    <website>http://htpc.solutions/</website>
    <source>https://github.com/htpcsolutions/script.module.boto3</source>
    <forum>http://forum.xbmc.org/showthread.php?tid=138745</forum>
    <email>support@htpc.solutions</email>    
  </extension>
</addon>
