<?xml version="1.0" encoding="UTF-8" standalone="yes"?>
<addon id="script.module.htpcsolutions" name="HTPC Solutions" version="0.0.1" provider-name="HTPC Solutions">
	<requires>
		<import addon="xbmc.python" version="2.1.0"/>
		<import addon="script.module.boto3" version="1.1.1"/>
		<import addon="script.module.tinydb" version="2.3.2"/>
	</requires>
	<extension point="xbmc.python.module" library="lib" />
	<extension point="xbmc.addon.metadata">
		<language></language>
		<summary lang="en">HTPC Solutions Shared Library</summary>
		<description lang="en"></description>
		<platform>all</platform>
		<website>http://htpc.solutions/</website>
		<source>https://github.com/htpcsolutions/script.module.htpcsolutions</source>
		<forum>http://forum.xbmc.org/showthread.php?tid=138745</forum>
		<email>support@htpc.solutions</email>    
	</extension>
</addon>
