<?xml version="1.0" encoding="UTF-8" standalone="yes"?>
<addon id="script.module.tinydb" name="TinyDB" version="2.3.2" provider-name="Markus Siemens">
  <requires>
    <import addon="xbmc.python" version="2.1.0"/>
  </requires>
  <extension point="xbmc.python.module" library="lib" />
  <extension point="xbmc.addon.metadata">
    <summary>tinydb - document oriented database optimized for your happiness</summary>
    <description>Packed for Kodi from https://github.com/msiemens/tinydb</description>
    <platform>all</platform>
    <language></language>
    <license>Revised BSD License</license>
    <forum></forum>
    <website>http://tinydb.readthedocs.org/en/latest/</website>
    <source>https://github.com/htpcsolutions/script.module.tinydb</source>
    <email></email>
  </extension>
</addon>
